Country,Year,GDP in Millions
Australia,1970,283519.303
Australia,1971,294605.714
Australia,1972,302322.546
Australia,1973,314738.851
Australia,1974,318944.738
Australia,1975,327201.486
Australia,1976,338963.833
Australia,1977,341991.287
Australia,1978,355842.025
Australia,1979,366643.926
Australia,1980,378887.981
Australia,1981,391485.447
Australia,1982,382776.689
Australia,1983,400352.794
Australia,1984,421484.391
Australia,1985,438201.618
Australia,1986,449416.326
Australia,1987,475290.757
Australia,1988,493710.296
Australia,1989,511367.775
Australia,1990,509408.868
Australia,1991,511592.295
Australia,1992,532298.61
Australia,1993,553489.01
Australia,1994,575003.716
Australia,1995,597180.696
Australia,1996,620547.395
Australia,1997,649175.461
Australia,1998,681350.703
Australia,1999,707931.362
Australia,2000,722383.195
Australia,2001,751232.217
Australia,2002,774606.043
Australia,2003,807268.339
Australia,2004,832727.586
Australia,2005,855549.616
Australia,2006,887871.568
Australia,2007,919553.223
Australia,2008,936753.347
Australia,2009,957423.43
Australia,2010,980319.112
Australia,2011,1018571.24
Australia,2012,1044837.69
Australia,2013,1071784.233
Australia,2014,1094856.917
Australia,2015,1124752.51
Australia,2016,1150421.428
Australia,2017,1183588.597
Australia,2018,1209288.995
Australia,2019,1208673.644
Australia,2020,1235702.154
Australia,2021,1280404.774
Australia,2022,1326870.291
Austria,1970,152515.352
Austria,1971,160313.659
Austria,1972,170265.708
Austria,1973,178587.105
Austria,1974,185630.134
Austria,1975,184957.59
Austria,1976,193423.104
Austria,1977,203248.96
Austria,1978,202820.809
Austria,1979,213685.311
Austria,1980,217385.241
Austria,1981,217071.566
Austria,1982,221437.428
Austria,1983,228020.957
Austria,1984,228137.876
Austria,1985,233838.308
Austria,1986,239219.846
Austria,1987,242466.461
Austria,1988,250457.865
Austria,1989,260193.35
Austria,1990,271500.42
Austria,1991,280844.453
Austria,1992,286724.001
Austria,1993,288234.49
Austria,1994,295158.225
Austria,1995,303032.998
Austria,1996,310152.861
Austria,1997,316646.219
Austria,1998,327986.669
Austria,1999,339650.961
Austria,2000,351116.634
Austria,2001,355565.872
Austria,2002,361438.234
Austria,2003,364841.07
Austria,2004,374819.912
Austria,2005,383231.116
Austria,2006,396468.079
Austria,2007,411246.09
Austria,2008,417252.026
Austria,2009,401544.247
Austria,2010,408920.991
Austria,2011,420872.923
Austria,2012,423736.734
Austria,2013,423844.807
Austria,2014,426647.577
Austria,2015,430975.924
Austria,2016,439549.919
Austria,2017,449477.472
Austria,2018,460379.033
Austria,2019,467364.772
Austria,2020,437201.197
Austria,2021,457123.804
Austria,2022,479966.017
Belgium,1970,194505.731
Belgium,1971,201805.573
Belgium,1972,212411.761
Belgium,1973,225416.305
Belgium,1974,234882.965
Belgium,1975,231766.068
Belgium,1976,244867.226
Belgium,1977,246400.427
Belgium,1978,253402.912
Belgium,1979,259335.221
Belgium,1980,270952.145
Belgium,1981,270195.42
Belgium,1982,271803.048
Belgium,1983,272650.646
Belgium,1984,279375.254
Belgium,1985,283989.954
Belgium,1986,289166.416
Belgium,1987,295836.5
Belgium,1988,309809.476
Belgium,1989,320557.284
Belgium,1990,330614.456
Belgium,1991,336674.864
Belgium,1992,341828.194
Belgium,1993,338540.241
Belgium,1994,349464.838
Belgium,1995,357798.726
Belgium,1996,362526.86
Belgium,1997,376279.888
Belgium,1998,383661.778
Belgium,1999,397253.931
Belgium,2000,412018.586
Belgium,2001,416549.22
Belgium,2002,423659.234
Belgium,2003,428056.743
Belgium,2004,443343.524
Belgium,2005,453636.795
Belgium,2006,465215.194
Belgium,2007,482320.604
Belgium,2008,484476.233
Belgium,2009,474686.213
Belgium,2010,488282.616
Belgium,2011,496556.632
Belgium,2012,500227.265
Belgium,2013,502524.519
Belgium,2014,510457.036
Belgium,2015,520877.807
Belgium,2016,527475.695
Belgium,2017,536018.587
Belgium,2018,545629.107
Belgium,2019,557968.882
Belgium,2020,528047.321
Belgium,2021,561240.014
Belgium,2022,579468.176
Canada,1970,468244.061
Canada,1971,487061.255
Canada,1972,513945.169
Canada,1973,548526.763
Canada,1974,566945.059
Canada,1975,575706.4
Canada,1976,609611.288
Canada,1977,631159.194
Canada,1978,654738.658
Canada,1979,679128.893
Canada,1980,693914.479
Canada,1981,717783.283
Canada,1982,694905.648
Canada,1983,712982.503
Canada,1984,755108.768
Canada,1985,790881.29
Canada,1986,807845.473
Canada,1987,840748.689
Canada,1988,877826.639
Canada,1989,898165.7
Canada,1990,899644.733
Canada,1991,880877.375
Canada,1992,888807.557
Canada,1993,912457.452
Canada,1994,953467.544
Canada,1995,979153.733
Canada,1996,995007.921
Canada,1997,1037594.658
Canada,1998,1078020.922
Canada,1999,1133678.211
Canada,2000,1192375.938
Canada,2001,1213719.144
Canada,2002,1250349.801
Canada,2003,1272875.079
Canada,2004,1312168.488
Canada,2005,1354212.997
Canada,2006,1389887.081
Canada,2007,1418683.11
Canada,2008,1432930.791
Canada,2009,1391003.872
Canada,2010,1433984.771
Canada,2011,1479099.373
Canada,2012,1505145.745
Canada,2013,1540202.433
Canada,2014,1584406.798
Canada,2015,1594850.842
Canada,2016,1610821.589
Canada,2017,1659788.636
Canada,2018,1705881.639
Canada,2019,1738092.499
Canada,2020,1649895.471
Canada,2021,1732584.947
Canada,2022,1791427.035
Czech Republic,1990,228423.939
Czech Republic,1991,201892.63
Czech Republic,1992,200869.958
Czech Republic,1993,200994.305
Czech Republic,1994,206841.852
Czech Republic,1995,220288.255
Czech Republic,1996,229684.467
Czech Republic,1997,228493.941
Czech Republic,1998,227679.208
Czech Republic,1999,230830.627
Czech Republic,2000,240066.227
Czech Republic,2001,247371.386
Czech Republic,2002,251254.758
Czech Republic,2003,260258.946
Czech Republic,2004,272788.491
Czech Republic,2005,290796.944
Czech Republic,2006,310474.978
Czech Republic,2007,327769.486
Czech Republic,2008,336574.724
Czech Republic,2009,320899.325
Czech Republic,2010,328712.91
Czech Republic,2011,334499.439
Czech Republic,2012,331873.604
Czech Republic,2013,331721.262
Czech Republic,2014,339225.138
Czech Republic,2015,357503.881
Czech Republic,2016,366574.771
Czech Republic,2017,385522.011
Czech Republic,2018,397936.159
Czech Republic,2019,409993.142
Czech Republic,2020,387431.35
Czech Republic,2021,401195.709
Czech Republic,2022,411068.812
Denmark,1970,122230.444
Denmark,1971,125903.464
Denmark,1972,130850.696
Denmark,1973,136206.344
Denmark,1974,134677.572
Denmark,1975,132715.798
Denmark,1976,140578.687
Denmark,1977,143207.917
Denmark,1978,146396.167
Denmark,1979,152060.398
Denmark,1980,151325.967
Denmark,1981,150317.948
Denmark,1982,155856.523
Denmark,1983,159902.67
Denmark,1984,166564.436
Denmark,1985,173233.263
Denmark,1986,181728.931
Denmark,1987,182191.006
Denmark,1988,182166.226
Denmark,1989,183341.54
Denmark,1990,186046.275
Denmark,1991,188639.079
Denmark,1992,192330.759
Denmark,1993,192351.315
Denmark,1994,202608.377
Denmark,1995,208742.522
Denmark,1996,214796.263
Denmark,1997,221800.534
Denmark,1998,226720.422
Denmark,1999,233404.19
Denmark,2000,242149.524
Denmark,2001,244142.785
Denmark,2002,245281.334
Denmark,2003,246238.075
Denmark,2004,252808.247
Denmark,2005,258715.469
Denmark,2006,268839.026
Denmark,2007,271283.415
Denmark,2008,269894.398
Denmark,2009,256651.901
Denmark,2010,261453.835
Denmark,2011,264948.892
Denmark,2012,265549.001
Denmark,2013,268027.478
Denmark,2014,272367.899
Denmark,2015,278748.365
Denmark,2016,287796.417
Denmark,2017,295917.273
Denmark,2018,301804.658
Denmark,2019,306312.071
Denmark,2020,300202.347
Denmark,2021,314779.295
Denmark,2022,326800.772
Finland,1970,78339.01
Finland,1971,80185.398
Finland,1972,86388.128
Finland,1973,92421.327
Finland,1974,95412.574
Finland,1975,97134.673
Finland,1976,97469.188
Finland,1977,97702.637
Finland,1978,100555.269
Finland,1979,107716.741
Finland,1980,113521.648
Finland,1981,115015.455
Finland,1982,118590.237
Finland,1983,122286.199
Finland,1984,126245.449
Finland,1985,130725.77
Finland,1986,134328.093
Finland,1987,139130.088
Finland,1988,146388.714
Finland,1989,153835.719
Finland,1990,154866.842
Finland,1991,145750.872
Finland,1992,140948.876
Finland,1993,140015.797
Finland,1994,145564.697
Finland,1995,151702.967
Finland,1996,157266.188
Finland,1997,167227.107
Finland,1998,176352.992
Finland,1999,184076.504
Finland,2000,194703.908
Finland,2001,199785.718
Finland,2002,203196.357
Finland,2003,207267.974
Finland,2004,215542.301
Finland,2005,221534.054
Finland,2006,230456.138
Finland,2007,242668.785
Finland,2008,244571.296
Finland,2009,224823.515
Finland,2010,231986.299
Finland,2011,237896.533
Finland,2012,234571.82
Finland,2013,232456.694
Finland,2014,231608.441
Finland,2015,232867.602
Finland,2016,239414.576
Finland,2017,247057.67
Finland,2018,249873.431
Finland,2019,252933.753
Finland,2020,246977.251
Finland,2021,254501.369
Finland,2022,259804.606
France,1970,1014911.184
France,1971,1068871.128
France,1972,1117091.903
France,1973,1187966.7
France,1974,1239060.186
France,1975,1227166.637
France,1976,1280631.329
France,1977,1324996.393
France,1978,1377711.954
France,1979,1426620.579
France,1980,1449143.284
France,1981,1464634.913
France,1982,1501329.826
France,1983,1519959.301
France,1984,1542967.253
France,1985,1568006.238
France,1986,1604654.877
France,1987,1645764.536
France,1988,1723825.488
France,1989,1798706.072
France,1990,1851299.071
France,1991,1870703.94
France,1992,1900622.907
France,1993,1888674.33
France,1994,1933215.733
France,1995,1973942.697
France,1996,2001834.383
France,1997,2048603.169
France,1998,2122120.56
France,1999,2194726.238
France,2000,2280840.035
France,2001,2326085.547
France,2002,2352498.981
France,2003,2371863.83
France,2004,2438981.716
France,2005,2479547.348
France,2006,2540279.486
France,2007,2601874.563
France,2008,2608507.937
France,2009,2533557.317
France,2010,2582947.437
France,2011,2639583.742
France,2012,2647849.196
France,2013,2663109.457
France,2014,2688573.658
France,2015,2718495.127
France,2016,2748275.273
France,2017,2811249.802
France,2018,2863681.468
France,2019,2916458.311
France,2020,2689424.091
France,2021,2872751.081
France,2022,2946362.27
Germany,1970,1620208.01
Germany,1971,1670964.263
Germany,1972,1742821.429
Germany,1973,1826084.495
Germany,1974,1842337.901
Germany,1975,1826369.642
Germany,1976,1916761.395
Germany,1977,1980919.579
Germany,1978,2040515.403
Germany,1979,2125204.206
Germany,1980,2155144.692
Germany,1981,2166550.592
Germany,1982,2157996.167
Germany,1983,2191928.718
Germany,1984,2253805.722
Germany,1985,2306272.859
Germany,1986,2359025.144
Germany,1987,2392102.253
Germany,1988,2480783.12
Germany,1989,2577448.118
Germany,1990,2712893.173
Germany,1991,2851474.851
Germany,1992,2906310.895
Germany,1993,2877920.603
Germany,1994,2946757.357
Germany,1995,2992259.608
Germany,1996,3016371.921
Germany,1997,3070430.157
Germany,1998,3132266.556
Germany,1999,3191380.606
Germany,2000,3284329.661
Germany,2001,3339554.629
Germany,2002,3332943.185
Germany,2003,3309608.693
Germany,2004,3348499.512
Germany,2005,3373000.723
Germany,2006,3501729.336
Germany,2007,3605956.739
Germany,2008,3640569.565
Germany,2009,3433281.492
Germany,2010,3576788.625
Germany,2011,3717184.471
Germany,2012,3732740.798
Germany,2013,3749074.947
Germany,2014,3831912.387
Germany,2015,3889081.896
Germany,2016,3975808.417
Germany,2017,4082369.271
Germany,2018,4122426.809
Germany,2019,4165984.532
Germany,2020,4011976.886
Germany,2021,4117371.008
Germany,2022,4190874.653
Greece,1970,139571.899
Greece,1971,150515.979
Greece,1972,165808.63
Greece,1973,179226.492
Greece,1974,167687.459
Greece,1975,178363.799
Greece,1976,190585.105
Greece,1977,196190.216
Greece,1978,210407.853
Greece,1979,217313.607
Greece,1980,218785.105
Greece,1981,215385.795
Greece,1982,212946.233
Greece,1983,210649.347
Greece,1984,214884.621
Greece,1985,220277.273
Greece,1986,221417.56
Greece,1987,216416.04
Greece,1988,225695.66
Greece,1989,234272.095
Greece,1990,234272.095
Greece,1991,241534.53
Greece,1992,243225.272
Greece,1993,239333.667
Greece,1994,244120.341
Greece,1995,249246.184
Greece,1996,256379.931
Greece,1997,267876.518
Greece,1998,278310.053
Greece,1999,286861.398
Greece,2000,298105.707
Greece,2001,310422.279
Greece,2002,322599.747
Greece,2003,341292.89
Greece,2004,358565.993
Greece,2005,360714.313
Greece,2006,381103.45
Greece,2007,393579.812
Greece,2008,392260.641
Greece,2009,375390.555
Greece,2010,354824.281
Greece,2011,318812.047
Greece,2012,296218.799
Greece,2013,288765.938
Greece,2014,290139.58
Greece,2015,289570.644
Greece,2016,288159.911
Greece,2017,291307.03
Greece,2018,296167.259
Greece,2019,301748.048
Greece,2020,274578.507
Greece,2021,297737.633
Greece,2022,315345.035
Hungary,1991,165915.717
Hungary,1992,160831.76
Hungary,1993,159905.195
Hungary,1994,164617.848
Hungary,1995,167069.873
Hungary,1996,167207.561
Hungary,1997,172463.099
Hungary,1998,179189.167
Hungary,1999,184692.115
Hungary,2000,192964.834
Hungary,2001,200826.391
Hungary,2002,210348.146
Hungary,2003,218918.255
Hungary,2004,229874.283
Hungary,2005,239745.723
Hungary,2006,249206.249
Hungary,2007,249897.48
Hungary,2008,252406.308
Hungary,2009,235752.875
Hungary,2010,238290.175
Hungary,2011,242738.665
Hungary,2012,239703.883
Hungary,2013,244024.599
Hungary,2014,254352.232
Hungary,2015,263781.873
Hungary,2016,269587.717
Hungary,2017,281104.439
Hungary,2018,296178.238
Hungary,2019,310585.017
Hungary,2020,296498.275
Hungary,2021,317846.152
Hungary,2022,332396.849
Iceland,1970,3460.969
Iceland,1971,3913.0
Iceland,1972,4154.719
Iceland,1973,4437.49
Iceland,1974,4690.706
Iceland,1975,4721.015
Iceland,1976,5002.358
Iceland,1977,5443.68
Iceland,1978,5771.21
Iceland,1979,6051.725
Iceland,1980,6399.573
Iceland,1981,6672.515
Iceland,1982,6816.279
Iceland,1983,6669.65
Iceland,1984,6945.048
Iceland,1985,7173.737
Iceland,1986,7623.569
Iceland,1987,8275.075
Iceland,1988,8267.65
Iceland,1989,8289.017
Iceland,1990,8385.946
Iceland,1991,8367.202
Iceland,1992,8084.901
Iceland,1993,8191.092
Iceland,1994,8486.697
Iceland,1995,8496.591
Iceland,1996,8884.641
Iceland,1997,9397.428
Iceland,1998,10089.342
Iceland,1999,10496.439
Iceland,2000,11019.691
Iceland,2001,11461.966
Iceland,2002,11526.098
Iceland,2003,11773.066
Iceland,2004,12691.648
Iceland,2005,13468.94
Iceland,2006,14319.772
Iceland,2007,15530.489
Iceland,2008,15873.635
Iceland,2009,14657.109
Iceland,2010,14241.907
Iceland,2011,14504.781
Iceland,2012,14659.059
Iceland,2013,15326.407
Iceland,2014,15584.996
Iceland,2015,16276.45
Iceland,2016,17302.466
Iceland,2017,18028.296
Iceland,2018,18909.731
Iceland,2019,19251.082
Iceland,2020,17856.943
Iceland,2021,18630.756
Iceland,2022,19831.428
Ireland,1970,39998.865
Ireland,1971,41386.781
Ireland,1972,44072.703
Ireland,1973,46153.565
Ireland,1974,48119.812
Ireland,1975,50841.78
Ireland,1976,51550.925
Ireland,1977,55783.926
Ireland,1978,59792.965
Ireland,1979,61630.425
Ireland,1980,63528.229
Ireland,1981,65640.679
Ireland,1982,67139.563
Ireland,1983,66975.541
Ireland,1984,69891.905
Ireland,1985,72048.5
Ireland,1986,71739.895
Ireland,1987,75085.191
Ireland,1988,79002.697
Ireland,1989,83595.85
Ireland,1990,90673.516
Ireland,1991,92423.188
Ireland,1992,95513.149
Ireland,1993,98084.944
Ireland,1994,103730.544
Ireland,1995,113724.383
Ireland,1996,122116.814
Ireland,1997,135576.242
Ireland,1998,147461.023
Ireland,1999,162988.501
Ireland,2000,178315.164
Ireland,2001,187776.25
Ireland,2002,198853.857
Ireland,2003,204847.494
Ireland,2004,218753.46
Ireland,2005,231308.929
Ireland,2006,242846.279
Ireland,2007,255741.704
Ireland,2008,244274.065
Ireland,2009,231826.389
Ireland,2010,235727.962
Ireland,2011,237693.527
Ireland,2012,237680.357
Ireland,2013,240355.904
Ireland,2014,261145.133
Ireland,2015,324787.369
Ireland,2016,331304.726
Ireland,2017,361139.855
Ireland,2018,391936.202
Ireland,2019,413261.199
Ireland,2020,438819.492
Ireland,2021,498447.367
Ireland,2022,558109.426
Italy,1970,1033383.143
Italy,1971,1052171.165
Italy,1972,1091001.392
Italy,1973,1168744.649
Italy,1974,1233027.254
Italy,1975,1207254.975
Italy,1976,1293276.542
Italy,1977,1326390.898
Italy,1978,1369367.818
Italy,1979,1450970.629
Italy,1980,1500739.16
Italy,1981,1513408.814
Italy,1982,1519668.056
Italy,1983,1537436.068
Italy,1984,1587031.486
Italy,1985,1631437.988
Italy,1986,1678096.655
Italy,1987,1731660.84
Italy,1988,1804293.228
Italy,1989,1865429.603
Italy,1990,1902472.835
Italy,1991,1931741.382
Italy,1992,1947857.427
Italy,1993,1931245.986
Italy,1994,1972787.544
Italy,1995,2029738.7
Italy,1996,2055451.121
Italy,1997,2093070.239
Italy,1998,2130967.686
Italy,1999,2165611.416
Italy,2000,2247622.149
Italy,2001,2291481.608
Italy,2002,2297300.665
Italy,2003,2300485.342
Italy,2004,2333234.917
Italy,2005,2352317.255
Italy,2006,2394438.781
Italy,2007,2430045.833
Italy,2008,2406668.48
Italy,2009,2279573.829
Italy,2010,2318629.672
Italy,2011,2335030.113
Italy,2012,2265425.066
Italy,2013,2223717.108
Italy,2014,2223615.983
Italy,2015,2240922.483
Italy,2016,2269907.98
Italy,2017,2307766.846
Italy,2018,2329132.404
Italy,2019,2340386.732
Italy,2020,2130240.456
Italy,2021,2279075.381
Italy,2022,2362824.183
Japan,1970,1707356.622
Japan,1971,1787585.174
Japan,1972,1937984.497
Japan,1973,2093655.039
Japan,1974,2068002.744
Japan,1975,2131936.619
Japan,1976,2216680.76
Japan,1977,2314000.537
Japan,1978,2435993.291
Japan,1979,2569584.183
Japan,1980,2641984.561
Japan,1981,2754549.602
Japan,1982,2844891.743
Japan,1983,2948166.962
Japan,1984,3078207.073
Japan,1985,3237036.645
Japan,1986,3343666.174
Japan,1987,3499108.58
Japan,1988,3732206.475
Japan,1989,3916046.957
Japan,1990,4105620.012
Japan,1991,4250275.672
Japan,1992,4288553.062
Japan,1993,4268859.181
Japan,1994,4315107.283
Japan,1995,4428637.739
Japan,1996,4567425.533
Japan,1997,4612242.424
Japan,1998,4553651.702
Japan,1999,4538445.695
Japan,2000,4663917.723
Japan,2001,4681925.269
Japan,2002,4683889.922
Japan,2003,4755793.51
Japan,2004,4859760.659
Japan,2005,4947425.924
Japan,2006,5015321.929
Japan,2007,5089747.773
Japan,2008,5027434.551
Japan,2009,4741210.819
Japan,2010,4935501.747
Japan,2011,4936676.866
Japan,2012,5004543.881
Japan,2013,5104889.999
Japan,2014,5120010.965
Japan,2015,5199915.223
Japan,2016,5239113.574
Japan,2017,5326886.107
Japan,2018,5361158.814
Japan,2019,5339597.885
Japan,2020,5111137.653
Japan,2021,5220643.132
Japan,2022,5274343.965
Korea,1970,84086.41
Korea,1971,92953.754
Korea,1972,99659.773
Korea,1973,114507.408
Korea,1974,125399.164
Korea,1975,135230.375
Korea,1976,153109.788
Korea,1977,171997.385
Korea,1978,190836.234
Korea,1979,207384.076
Korea,1980,203971.182
Korea,1981,218751.293
Korea,1982,236990.947
Korea,1983,268691.27
Korea,1984,297042.606
Korea,1985,320327.372
Korea,1986,356611.69
Korea,1987,401985.864
Korea,1988,450174.786
Korea,1989,482015.169
Korea,1990,529626.471
Korea,1991,586709.909
Korea,1992,623077.96
Korea,1993,665929.986
Korea,1994,727652.814
Korea,1995,797613.47
Korea,1996,860550.783
Korea,1997,913651.52
Korea,1998,866786.239
Korea,1999,966180.118
Korea,2000,1053724.088
Korea,2001,1104854.991
Korea,2002,1190206.615
Korea,2003,1227665.883
Korea,2004,1291472.484
Korea,2005,1347116.128
Korea,2006,1418032.72
Korea,2007,1500272.214
Korea,2008,1545475.189
Korea,2009,1557726.155
Korea,2010,1663726.693
Korea,2011,1725046.132
Korea,2012,1766490.9
Korea,2013,1822395.19
Korea,2014,1880756.554
Korea,2015,1933588.947
Korea,2016,1990569.526
Korea,2017,2053464.273
Korea,2018,2113166.77
Korea,2019,2160585.765
Korea,2020,2145258.238
Korea,2021,2234186.141
Korea,2022,2291393.314
Luxembourg,1970,12319.097
Luxembourg,1971,12647.676
Luxembourg,1972,13482.194
Luxembourg,1973,14602.925
Luxembourg,1974,15218.069
Luxembourg,1975,14218.033
Luxembourg,1976,14578.365
Luxembourg,1977,14807.213
Luxembourg,1978,15410.603
Luxembourg,1979,15772.075
Luxembourg,1980,15904.7
Luxembourg,1981,15817.073
Luxembourg,1982,15996.011
Luxembourg,1983,16474.144
Luxembourg,1984,17493.389
Luxembourg,1985,17981.753
Luxembourg,1986,19777.04
Luxembourg,1987,20558.426
Luxembourg,1988,22298.344
Luxembourg,1989,24483.149
Luxembourg,1990,25785.636
Luxembourg,1991,28014.596
Luxembourg,1992,28524.364
Luxembourg,1993,29722.572
Luxembourg,1994,30858.248
Luxembourg,1995,31300.2
Luxembourg,1996,31737.8
Luxembourg,1997,33457.936
Luxembourg,1998,35691.09
Luxembourg,1999,38608.902
Luxembourg,2000,41287.637
Luxembourg,2001,42556.966
Luxembourg,2002,43929.606
Luxembourg,2003,45080.288
Luxembourg,2004,46988.037
Luxembourg,2005,48154.691
Luxembourg,2006,51052.022
Luxembourg,2007,55186.555
Luxembourg,2008,55020.898
Luxembourg,2009,53238.797
Luxembourg,2010,55240.796
Luxembourg,2011,55817.675
Luxembourg,2012,56738.611
Luxembourg,2013,58538.241
Luxembourg,2014,60073.75
Luxembourg,2015,61437.294
Luxembourg,2016,64495.76
Luxembourg,2017,65345.29
Luxembourg,2018,66142.06
Luxembourg,2019,67676.506
Luxembourg,2020,67136.829
Luxembourg,2021,70562.456
Luxembourg,2022,71655.267
Mexico,1970,517200.913
Mexico,1971,538775.505
Mexico,1972,584505.971
Mexico,1973,633657.54
Mexico,1974,672378.859
Mexico,1975,710106.572
Mexico,1976,740206.39
Mexico,1977,765689.982
Mexico,1978,828857.981
Mexico,1979,904737.974
Mexico,1980,980049.394
Mexico,1981,1066235.251
Mexico,1982,1058696.236
Mexico,1983,1013216.15
Mexico,1984,1049687.61
Mexico,1985,1078787.779
Mexico,1986,1038290.95
Mexico,1987,1057559.003
Mexico,1988,1070730.245
Mexico,1989,1115682.64
Mexico,1990,1172228.855
Mexico,1991,1221723.296
Mexico,1992,1266055.466
Mexico,1993,1311049.899
Mexico,1994,1375829.933
Mexico,1995,1289273.296
Mexico,1996,1376599.111
Mexico,1997,1470852.819
Mexico,1998,1546806.558
Mexico,1999,1589398.716
Mexico,2000,1667954.011
Mexico,2001,1661208.97
Mexico,2002,1660547.07
Mexico,2003,1684564.935
Mexico,2004,1750609.833
Mexico,2005,1791010.531
Mexico,2006,1871517.849
Mexico,2007,1914402.665
Mexico,2008,1936295.479
Mexico,2009,1833947.854
Mexico,2010,1927811.472
Mexico,2011,1998427.359
Mexico,2012,2071216.532
Mexico,2013,2099262.708
Mexico,2014,2159086.935
Mexico,2015,2230188.94
Mexico,2016,2288854.783
Mexico,2017,2337221.24
Mexico,2018,2388523.123
Mexico,2019,2383768.821
Mexico,2020,2193355.457
Mexico,2021,2296894.234
Mexico,2022,2367233.85
Netherlands,1970,305347.993
Netherlands,1971,318571.938
Netherlands,1972,326557.036
Netherlands,1973,345445.97
Netherlands,1974,360147.886
Netherlands,1975,360590.939
Netherlands,1976,377854.782
Netherlands,1977,385114.423
Netherlands,1978,394090.472
Netherlands,1979,402058.66
Netherlands,1980,415129.604
Netherlands,1981,411876.6
Netherlands,1982,406766.213
Netherlands,1983,415186.103
Netherlands,1984,427897.769
Netherlands,1985,438938.301
Netherlands,1986,451171.405
Netherlands,1987,459884.646
Netherlands,1988,475710.284
Netherlands,1989,496737.882
Netherlands,1990,517517.06
Netherlands,1991,530139.499
Netherlands,1992,539184.086
Netherlands,1993,545964.954
Netherlands,1994,562131.436
Netherlands,1995,579647.33
Netherlands,1996,599927.696
Netherlands,1997,625898.886
Netherlands,1998,655090.292
Netherlands,1999,688067.852
Netherlands,2000,716936.719
Netherlands,2001,733619.515
Netherlands,2002,735213.476
Netherlands,2003,736357.807
Netherlands,2004,750974.11
Netherlands,2005,766375.658
Netherlands,2006,792899.835
Netherlands,2007,822814.697
Netherlands,2008,840672.449
Netherlands,2009,809845.965
Netherlands,2010,820720.086
Netherlands,2011,833451.008
Netherlands,2012,824863.512
Netherlands,2013,823789.744
Netherlands,2014,835515.53
Netherlands,2015,851884.697
Netherlands,2016,870555.57
Netherlands,2017,895896.595
Netherlands,2018,917047.953
Netherlands,2019,934981.636
Netherlands,2020,898647.464
Netherlands,2021,942350.661
Netherlands,2022,984551.385
New Zealand,1970,57641.184
New Zealand,1971,59823.166
New Zealand,1972,62885.579
New Zealand,1973,67790.829
New Zealand,1974,71853.832
New Zealand,1975,70609.551
New Zealand,1976,71265.382
New Zealand,1977,68460.135
New Zealand,1978,68677.886
New Zealand,1979,70183.171
New Zealand,1980,71084.522
New Zealand,1981,74393.266
New Zealand,1982,75085.212
New Zealand,1983,77707.322
New Zealand,1984,81431.841
New Zealand,1985,82746.69
New Zealand,1986,79761.156
New Zealand,1987,81208.78
New Zealand,1988,82910.571
New Zealand,1989,83316.483
New Zealand,1990,83874.895
New Zealand,1991,82533.491
New Zealand,1992,83617.691
New Zealand,1993,89021.241
New Zealand,1994,93897.485
New Zealand,1995,97946.733
New Zealand,1996,101254.719
New Zealand,1997,104401.1
New Zealand,1998,105513.372
New Zealand,1999,111077.768
New Zealand,2000,113672.565
New Zealand,2001,118154.279
New Zealand,2002,124095.755
New Zealand,2003,129738.299
New Zealand,2004,133905.907
New Zealand,2005,138185.044
New Zealand,2006,141481.65
New Zealand,2007,146868.508
New Zealand,2008,144533.191
New Zealand,2009,147422.368
New Zealand,2010,148797.913
New Zealand,2011,152687.073
New Zealand,2012,156644.517
New Zealand,2013,159830.35
New Zealand,2014,165699.749
New Zealand,2015,172758.809
New Zealand,2016,179433.202
New Zealand,2017,187270.7
New Zealand,2018,194589.24
New Zealand,2019,199495.074
New Zealand,2020,199521.629
New Zealand,2021,208445.604
New Zealand,2022,212941.734
Norway,1970,84130.042
Norway,1971,88903.253
Norway,1972,93642.335
Norway,1973,97887.08
Norway,1974,101726.389
Norway,1975,106763.984
Norway,1976,112983.557
Norway,1977,117684.48
Norway,1978,122238.11
Norway,1979,127582.979
Norway,1980,133406.176
Norway,1981,135538.466
Norway,1982,135857.418
Norway,1983,141255.043
Norway,1984,149804.337
Norway,1985,158123.579
Norway,1986,164515.111
Norway,1987,167399.879
Norway,1988,166972.797
Norway,1989,168706.396
Norway,1990,171966.295
Norway,1991,177270.49
Norway,1992,183606.95
Norway,1993,188830.904
Norway,1994,198376.823
Norway,1995,206620.656
Norway,1996,217009.463
Norway,1997,228477.454
Norway,1998,234574.801
Norway,1999,239435.302
Norway,2000,247382.029
Norway,2001,252495.739
Norway,2002,255974.011
Norway,2003,258392.734
Norway,2004,268766.238
Norway,2005,275982.839
Norway,2006,282776.183
Norway,2007,291016.29
Norway,2008,292418.754
Norway,2009,286744.764
Norway,2010,289001.594
Norway,2011,292196.958
Norway,2012,300138.752
Norway,2013,303188.734
Norway,2014,309398.44
Norway,2015,315145.02
Norway,2016,318815.59
Norway,2017,326670.398
Norway,2018,329378.271
Norway,2019,333079.65
Norway,2020,328822.32
Norway,2021,341641.126
Norway,2022,352848.86
Poland,1990,416587.516
Poland,1991,387361.491
Poland,1992,397103.55
Poland,1993,411948.513
Poland,1994,433752.132
Poland,1995,463905.958
Poland,1996,492276.326
Poland,1997,524023.241
Poland,1998,548340.618
Poland,1999,573865.281
Poland,2000,600039.192
Poland,2001,607591.102
Poland,2002,619960.825
Poland,2003,641649.48
Poland,2004,673621.876
Poland,2005,697244.682
Poland,2006,739993.704
Poland,2007,792248.616
Poland,2008,825522.91
Poland,2009,848903.238
Poland,2010,873815.476
Poland,2011,917874.894
Poland,2012,932058.095
Poland,2013,940041.705
Poland,2014,976110.715
Poland,2015,1018896.563
Poland,2016,1048989.763
Poland,2017,1102908.021
Poland,2018,1168478.202
Poland,2019,1220475.907
Poland,2020,1195820.875
Poland,2021,1278751.385
Poland,2022,1344405.98
Portugal,1970,102435.446
Portugal,1971,109228.609
Portugal,1972,117984.042
Portugal,1973,131199.046
Portugal,1974,132698.468
Portugal,1975,126929.229
Portugal,1976,135687.638
Portugal,1977,143289.67
Portugal,1978,147324.659
Portugal,1979,155632.204
Portugal,1980,162774.695
Portugal,1981,165408.558
Portugal,1982,168940.652
Portugal,1983,168648.194
Portugal,1984,165477.642
Portugal,1985,170123.327
Portugal,1986,177168.058
Portugal,1987,188473.85
Portugal,1988,202588.86
Portugal,1989,215636.877
Portugal,1990,224155.662
Portugal,1991,233947.245
Portugal,1992,236496.045
Portugal,1993,231663.775
Portugal,1994,233898.956
Portugal,1995,243916.335
Portugal,1996,252463.766
Portugal,1997,263574.362
Portugal,1998,276246.921
Portugal,1999,287038.72
Portugal,2000,297992.628
Portugal,2001,303784.629
Portugal,2002,306126.578
Portugal,2003,303278.005
Portugal,2004,308702.847
Portugal,2005,311116.435
Portugal,2006,316172.182
Portugal,2007,324097.291
Portugal,2008,325131.965
Portugal,2009,314981.086
Portugal,2010,320454.277
Portugal,2011,315018.845
Portugal,2012,302237.605
Portugal,2013,299449.027
Portugal,2014,301821.232
Portugal,2015,307230.008
Portugal,2016,313434.474
Portugal,2017,324424.568
Portugal,2018,333668.48
Portugal,2019,342620.006
Portugal,2020,314180.778
Portugal,2021,331469.383
Portugal,2022,353630.601
Slovak Republic,1992,64733.618
Slovak Republic,1993,65964.416
Slovak Republic,1994,70057.858
Slovak Republic,1995,74151.685
Slovak Republic,1996,79060.451
Slovak Republic,1997,83745.445
Slovak Republic,1998,87158.991
Slovak Republic,1999,87066.677
Slovak Republic,2000,88082.332
Slovak Republic,2001,90948.341
Slovak Republic,2002,95049.606
Slovak Republic,2003,100276.463
Slovak Republic,2004,105569.938
Slovak Republic,2005,112562.321
Slovak Republic,2006,122122.438
Slovak Republic,2007,135350.776
Slovak Republic,2008,142896.428
Slovak Republic,2009,135100.666
Slovak Republic,2010,144174.882
Slovak Republic,2011,148026.446
Slovak Republic,2012,149978.622
Slovak Republic,2013,150927.597
Slovak Republic,2014,154998.401
Slovak Republic,2015,163007.449
Slovak Republic,2016,166176.234
Slovak Republic,2017,171058.606
Slovak Republic,2018,177952.934
Slovak Republic,2019,182419.06
Slovak Republic,2020,176333.114
Slovak Republic,2021,184908.659
Slovak Republic,2022,187994.235
Spain,1970,524317.786
Spain,1971,548695.803
Spain,1972,593413.116
Spain,1973,639630.891
Spain,1974,675570.38
Spain,1975,679233.345
Spain,1976,701673.799
Spain,1977,721591.331
Spain,1978,732148.236
Spain,1979,732452.418
Spain,1980,748630.301
Spain,1981,747638.601
Spain,1982,756957.63
Spain,1983,770356.656
Spain,1984,784105.115
Spain,1985,802307.613
Spain,1986,828409.26
Spain,1987,874362.138
Spain,1988,918904.98
Spain,1989,963260.802
Spain,1990,999685.483
Spain,1991,1025137.481
Spain,1992,1034663.217
Spain,1993,1023990.751
Spain,1994,1048394.45
Spain,1995,1077303.865
Spain,1996,1105966.198
Spain,1997,1146914.537
Spain,1998,1197299.647
Spain,1999,1251065.027
Spain,2000,1316695.196
Spain,2001,1368480.854
Spain,2002,1405853.359
Spain,2003,1447775.011
Spain,2004,1492985.167
Spain,2005,1547510.242
Spain,2006,1610999.724
Spain,2007,1669072.051
Spain,2008,1683877.839
Spain,2009,1620511.713
Spain,2010,1623151.843
Spain,2011,1609933.142
Spain,2012,1562296.474
Spain,2013,1540372.113
Spain,2014,1561872.248
Spain,2015,1621825.009
Spain,2016,1671092.389
Spain,2017,1720820.1
Spain,2018,1760131.709
Spain,2019,1795052.128
Spain,2020,1591754.606
Spain,2021,1679613.014
Spain,2022,1771181.142
Sweden,1970,186856.149
Sweden,1971,188621.279
Sweden,1972,192938.327
Sweden,1973,200594.084
Sweden,1974,207009.475
Sweden,1975,212294.143
Sweden,1976,214540.437
Sweden,1977,211115.817
Sweden,1978,214813.612
Sweden,1979,223062.462
Sweden,1980,226854.461
Sweden,1981,227886.264
Sweden,1982,230731.799
Sweden,1983,235117.177
Sweden,1984,245061.541
Sweden,1985,250355.786
Sweden,1986,257093.669
Sweden,1987,265716.187
Sweden,1988,272515.967
Sweden,1989,279750.74
Sweden,1990,281861.948
Sweden,1991,278631.881
Sweden,1992,275403.672
Sweden,1993,269714.889
Sweden,1994,280314.611
Sweden,1995,291345.532
Sweden,1996,295947.207
Sweden,1997,305034.345
Sweden,1998,318186.927
Sweden,1999,331700.911
Sweden,2000,347510.934
Sweden,2001,352548.1
Sweden,2002,360293.304
Sweden,2003,368615.397
Sweden,2004,384601.716
Sweden,2005,395596.722
Sweden,2006,414042.502
Sweden,2007,428282.342
Sweden,2008,426352.676
Sweden,2009,407849.863
Sweden,2010,432125.523
Sweden,2011,445933.373
Sweden,2012,443309.927
Sweden,2013,448575.455
Sweden,2014,460497.685
Sweden,2015,481170.723
Sweden,2016,491133.811
Sweden,2017,503745.757
Sweden,2018,513568.914
Sweden,2019,523769.399
Sweden,2020,512402.486
Sweden,2021,539999.665
Sweden,2022,554267.627
Switzerland,1970,259872.261
Switzerland,1971,270463.206
Switzerland,1972,279119.404
Switzerland,1973,287632.288
Switzerland,1974,291817.073
Switzerland,1975,270563.526
Switzerland,1976,266765.691
Switzerland,1977,273257.84
Switzerland,1978,274375.693
Switzerland,1979,281211.797
Switzerland,1980,294153.1
Switzerland,1981,298863.479
Switzerland,1982,294950.109
Switzerland,1983,296835.074
Switzerland,1984,305765.228
Switzerland,1985,316997.807
Switzerland,1986,322889.632
Switzerland,1987,328008.977
Switzerland,1988,338759.787
Switzerland,1989,353430.775
Switzerland,1990,366418.033
Switzerland,1991,363062.316
Switzerland,1992,362903.538
Switzerland,1993,362446.339
Switzerland,1994,367048.53
Switzerland,1995,368813.543
Switzerland,1996,370551.687
Switzerland,1997,378931.067
Switzerland,1998,390412.561
Switzerland,1999,396903.955
Switzerland,2000,412616.271
Switzerland,2001,419117.709
Switzerland,2002,418810.842
Switzerland,2003,418675.154
Switzerland,2004,429986.539
Switzerland,2005,441809.875
Switzerland,2006,459807.568
Switzerland,2007,477815.36
Switzerland,2008,491232.337
Switzerland,2009,479946.89
Switzerland,2010,495513.475
Switzerland,2011,504497.67
Switzerland,2012,510446.978
Switzerland,2013,519594.924
Switzerland,2014,531804.787
Switzerland,2015,540550.996
Switzerland,2016,551733.319
Switzerland,2017,559252.338
Switzerland,2018,575249.448
Switzerland,2019,581818.695
Switzerland,2020,567997.224
Switzerland,2021,591976.456
Switzerland,2022,604166.628
Türkiye,1970,272202.063
Türkiye,1971,287357.99
Türkiye,1972,308697.212
Türkiye,1973,318766.23
Türkiye,1974,336598.629
Türkiye,1975,360743.311
Türkiye,1976,398488.019
Türkiye,1977,412055.798
Türkiye,1978,418255.217
Türkiye,1979,415643.238
Türkiye,1980,405477.481
Türkiye,1981,425164.063
Türkiye,1982,440311.928
Türkiye,1983,462191.282
Türkiye,1984,493212.563
Türkiye,1985,514132.579
Türkiye,1986,550200.461
Türkiye,1987,602383.003
Türkiye,1988,615155.645
Türkiye,1989,616703.629
Türkiye,1990,673781.447
Türkiye,1991,680024.141
Türkiye,1992,720718.708
Türkiye,1993,778679.052
Türkiye,1994,736196.949
Türkiye,1995,789138.48
Türkiye,1996,844420.151
Türkiye,1997,907994.864
Türkiye,1998,936068.824
Türkiye,1999,905523.322
Türkiye,2000,968305.424
Türkiye,2001,912627.8
Türkiye,2002,971471.504
Türkiye,2003,1027459.407
Türkiye,2004,1128108.678
Türkiye,2005,1229551.65
Türkiye,2006,1314980.752
Türkiye,2007,1381301.911
Türkiye,2008,1392559.86
Türkiye,2009,1325394.556
Türkiye,2010,1437086.938
Türkiye,2011,1598042.263
Türkiye,2012,1674564.4
Türkiye,2013,1816664.871
Türkiye,2014,1906402.942
Türkiye,2015,2022397.778
Türkiye,2016,2089603.76
Türkiye,2017,2246365.782
Türkiye,2018,2313304.903
Türkiye,2019,2331432.198
Türkiye,2020,2376662.733
Türkiye,2021,2646497.052
Türkiye,2022,2793797.373
United Kingdom,1970,1037591.735
United Kingdom,1971,1073956.393
United Kingdom,1972,1120369.219
United Kingdom,1973,1193460.409
United Kingdom,1974,1163810.031
United Kingdom,1975,1146659.55
United Kingdom,1976,1180030.395
United Kingdom,1977,1209032.598
United Kingdom,1978,1259863.478
United Kingdom,1979,1307095.969
United Kingdom,1980,1280544.042
United Kingdom,1981,1270456.635
United Kingdom,1982,1295800.863
United Kingdom,1983,1350507.714
United Kingdom,1984,1381152.155
United Kingdom,1985,1438434.266
United Kingdom,1986,1483749.845
United Kingdom,1987,1563764.591
United Kingdom,1988,1653406.046
United Kingdom,1989,1696024.286
United Kingdom,1990,1708468.957
United Kingdom,1991,1689622.466
United Kingdom,1992,1696399.239
United Kingdom,1993,1738636.712
United Kingdom,1994,1805504.84
United Kingdom,1995,1851214.265
United Kingdom,1996,1886530.171
United Kingdom,1997,1971878.063
United Kingdom,1998,2034135.919
United Kingdom,1999,2095446.209
United Kingdom,2000,2181205.561
United Kingdom,2001,2228263.505
United Kingdom,2002,2267720.821
United Kingdom,2003,2338542.952
United Kingdom,2004,2393381.117
United Kingdom,2005,2457244.607
United Kingdom,2006,2510331.049
United Kingdom,2007,2574682.394
United Kingdom,2008,2570708.517
United Kingdom,2009,2454757.08
United Kingdom,2010,2514409.467
United Kingdom,2011,2541253.577
United Kingdom,2012,2578062.535
United Kingdom,2013,2624979.751
United Kingdom,2014,2708971.297
United Kingdom,2015,2773799.776
United Kingdom,2016,2833858.262
United Kingdom,2017,2903105.584
United Kingdom,2018,2952604.145
United Kingdom,2019,2999973.029
United Kingdom,2020,2669050.25
United Kingdom,2021,2871830.568
United Kingdom,2022,2989622.185
United States,1970,5186834.138
United States,1971,5357654.825
United States,1972,5639408.929
United States,1973,5957794.31
United States,1974,5925589.355
United States,1975,5913414.872
United States,1976,6232037.902
United States,1977,6520216.874
United States,1978,6881130.762
United States,1979,7098997.361
United States,1980,7080770.708
United States,1981,7260460.793
United States,1982,7129562.86
United States,1983,7456375.844
United States,1984,7995966.411
United States,1985,8329370.722
United States,1986,8617787.341
United States,1987,8915898.321
United States,1988,9288320.858
United States,1989,9629448.203
United States,1990,9811056.221
United States,1991,9800434.302
United States,1992,10145648.772
United States,1993,10424834.812
United States,1994,10844829.854
United States,1995,11135928.65
United States,1996,11556038.852
United States,1997,12069956.117
United States,1998,12610858.459
United States,1999,13215486.034
United States,2000,13754301.89
United States,2001,13885565.194
United States,2002,14121056.473
United States,2003,14515910.042
United States,2004,15075143.726
United States,2005,15600244.052
United States,2006,16034369.2
United States,2007,16356741.204
United States,2008,16376727.707
United States,2009,15950950.597
United States,2010,16383039.51
United States,2011,16636959.494
United States,2012,17016396.31
United States,2013,17329817.258
United States,2014,17726284.111
United States,2015,18206023.0
United States,2016,18509604.069
United States,2017,18924573.957
United States,2018,19481975.555
United States,2019,19928973.472
United States,2020,19377383.256
United States,2021,20529462.623
United States,2022,20952693.656
Brazil,1996,1824070.3
Brazil,1997,1885994.7
Brazil,1998,1892371.2
Brazil,1999,1901226.4
Brazil,2000,1984651.2
Brazil,2001,2012235.8
Brazil,2002,2073678.7
Brazil,2003,2097335.8
Brazil,2004,2218141.6
Brazil,2005,2289169.5
Brazil,2006,2379866.1
Brazil,2007,2524320.9
Brazil,2008,2652914.7
Brazil,2009,2649577.1
Brazil,2010,2849043.2
Brazil,2011,2962276.2
Brazil,2012,3019186.8
Brazil,2013,3109908.0
Brazil,2014,3125580.5
Brazil,2015,3014754.8
Brazil,2016,2915994.0
Brazil,2017,2954568.8
Brazil,2018,3007268.4
Brazil,2019,3043980.5
Brazil,2020,2944236.6
Brazil,2021,3091120.1
Brazil,2022,3180779.0
Chile,1986,87720.785
Chile,1987,93505.333
Chile,1988,100341.774
Chile,1989,110938.1
Chile,1990,115040.124
Chile,1991,124208.707
Chile,1992,139459.082
Chile,1993,149202.061
Chile,1994,157718.693
Chile,1995,174480.369
Chile,1996,187415.482
Chile,1997,201268.745
Chile,1998,209683.563
Chile,1999,209109.803
Chile,2000,219505.951
Chile,2001,226429.246
Chile,2002,233681.32
Chile,2003,244718.661
Chile,2004,261051.807
Chile,2005,276289.52
Chile,2006,293005.011
Chile,2007,308148.187
Chile,2008,319825.132
Chile,2009,316249.368
Chile,2010,334755.177
Chile,2011,355589.994
Chile,2012,377477.767
Chile,2013,389966.65
Chile,2014,396957.385
Chile,2015,405499.68
Chile,2016,412608.246
Chile,2017,418210.209
Chile,2018,434896.92
Chile,2019,438128.77
Chile,2020,411204.675
Chile,2021,459469.54
Chile,2022,470682.451
China (People's Republic of),1970,371979.492
China (People's Republic of),1971,398300.331
China (People's Republic of),1972,413540.479
China (People's Republic of),1973,445684.559
China (People's Republic of),1974,456093.536
China (People's Republic of),1975,495794.393
China (People's Republic of),1976,488059.353
China (People's Republic of),1977,525034.603
China (People's Republic of),1978,586271.632
China (People's Republic of),1979,630785.576
China (People's Republic of),1980,680192.695
China (People's Republic of),1981,714961.624
China (People's Republic of),1982,779443.547
China (People's Republic of),1983,863379.328
China (People's Republic of),1984,994549.494
China (People's Republic of),1985,1128124.91
China (People's Republic of),1986,1229080.881
China (People's Republic of),1987,1372367.727
China (People's Republic of),1988,1526373.571
China (People's Republic of),1989,1590586.808
China (People's Republic of),1990,1652934.748
China (People's Republic of),1991,1806036.363
China (People's Republic of),1992,2062940.98
China (People's Republic of),1993,2349354.493
China (People's Republic of),1994,2655630.061
China (People's Republic of),1995,2946525.97
China (People's Republic of),1996,3238902.233
China (People's Republic of),1997,3538065.387
China (People's Republic of),1998,3815666.534
China (People's Republic of),1999,4108009.212
China (People's Republic of),2000,4456778.415
China (People's Republic of),2001,4828285.124
China (People's Republic of),2002,5269283.189
China (People's Republic of),2003,5798216.314
China (People's Republic of),2004,6384627.456
China (People's Republic of),2005,7112129.456
China (People's Republic of),2006,8016863.091
China (People's Republic of),2007,9157729.892
China (People's Republic of),2008,10041511.229
China (People's Republic of),2009,10985286.925
China (People's Republic of),2010,12153665.565
China (People's Republic of),2011,13314440.923
China (People's Republic of),2012,14361451.249
China (People's Republic of),2013,15476782.599
China (People's Republic of),2014,16626053.571
China (People's Republic of),2015,17796747.039
China (People's Republic of),2016,19015604.956
China (People's Republic of),2017,20336656.347
China (People's Republic of),2018,21709334.096
China (People's Republic of),2019,23035800.532
China (People's Republic of),2020,23516062.84
China (People's Republic of),2021,25420863.93
China (People's Republic of),2022,26183489.848
Estonia,1993,16721.833
Estonia,1994,16447.19
Estonia,1995,17191.702
Estonia,1996,18041.49
Estonia,1997,20395.907
Estonia,1998,21281.056
Estonia,1999,21190.605
Estonia,2000,23328.237
Estonia,2001,24728.788
Estonia,2002,26403.265
Estonia,2003,28409.983
Estonia,2004,30342.999
Estonia,2005,33233.604
Estonia,2006,36479.059
Estonia,2007,39243.858
Estonia,2008,37229.863
Estonia,2009,31783.485
Estonia,2010,32560.358
Estonia,2011,34925.244
Estonia,2012,36052.702
Estonia,2013,36578.505
Estonia,2014,37680.017
Estonia,2015,38378.235
Estonia,2016,39589.286
Estonia,2017,41882.314
Estonia,2018,43467.226
Estonia,2019,45092.772
Estonia,2020,44844.31
Estonia,2021,48437.894
Estonia,2022,47814.299
India,1997,2064661.0
India,1998,2188105.9
India,1999,2339434.1
India,2000,2472611.5
India,2001,2568670.2
India,2002,2685755.5
India,2003,2869778.2
India,2004,3096404.7
India,2005,3381611.2
India,2006,3699234.0
India,2007,4072032.1
India,2008,4323964.4
India,2009,4541792.7
India,2010,5041269.2
India,2011,5438106.6
India,2012,5705968.7
India,2013,6055511.5
India,2014,6477151.4
India,2015,6961645.6
India,2016,7588339.6
India,2017,8051165.3
India,2018,8637025.4
India,2019,9033694.0
India,2020,8490639.8
India,2021,9249179.7
India,2022,9869523.1
Indonesia,1990,801875.28403
Indonesia,1991,873464.48261
Indonesia,1992,930450.38147
Indonesia,1993,1004471.78
Indonesia,1994,1080208.639
Indonesia,1995,1169003.367
Indonesia,1996,1260395.962
Indonesia,1997,1319633.364
Indonesia,1998,1146408.41
Indonesia,1999,1155478.253
Indonesia,2000,1212328.262
Indonesia,2001,1256499.035
Indonesia,2002,1313034.9
Indonesia,2003,1375802.815
Indonesia,2004,1445017.72
Indonesia,2005,1527276.384
Indonesia,2006,1611291.122
Indonesia,2007,1713527.902
Indonesia,2008,1816574.372
Indonesia,2009,1901985.494
Indonesia,2010,2023287.01
Indonesia,2011,2148119.452
Indonesia,2012,2277652.143
Indonesia,2013,2404227.279
Indonesia,2014,2524598.967
Indonesia,2015,2647706.549
Indonesia,2016,2780967.451
Indonesia,2017,2921956.547
Indonesia,2018,3073147.098
Indonesia,2019,3227397.191
Indonesia,2020,3160734.921
Indonesia,2021,3277778.684
Indonesia,2022,3451782.68
Israel,1970,42517.666
Israel,1971,47173.805
Israel,1972,52903.797
Israel,1973,55859.778
Israel,1974,59477.347
Israel,1975,61406.09
Israel,1976,61604.127
Israel,1977,62241.914
Israel,1978,65699.507
Israel,1979,69778.011
Israel,1980,70943.612
Israel,1981,74731.949
Israel,1982,76288.242
Israel,1983,78850.841
Israel,1984,79586.688
Israel,1985,82799.555
Israel,1986,86268.976
Israel,1987,92428.332
Israel,1988,95118.012
Israel,1989,95664.699
Israel,1990,102662.763
Israel,1991,110594.606
Israel,1992,119175.936
Israel,1993,124082.119
Israel,1994,133298.747
Israel,1995,142100.363
Israel,1996,150526.317
Israel,1997,156231.43
Israel,1998,162661.807
Israel,1999,168082.105
Israel,2000,182658.353
Israel,2001,183269.82
Israel,2002,183057.923
Israel,2003,185609.806
Israel,2004,194491.346
Israel,2005,202531.171
Israel,2006,213837.555
Israel,2007,226739.144
Israel,2008,234111.726
Israel,2009,236179.261
Israel,2010,249566.728
Israel,2011,263444.884
Israel,2012,270262.469
Israel,2013,282195.908
Israel,2014,293256.069
Israel,2015,300546.18
Israel,2016,314135.872
Israel,2017,327569.673
Israel,2018,340903.069
Israel,2019,355071.307
Israel,2020,348477.1
Israel,2021,378488.192
Israel,2022,402955.94
Russia,1995,1865031.114
Russia,1996,1797745.149
Russia,1997,1822574.621
Russia,1998,1725160.475
Russia,1999,1834727.153
Russia,2000,2019037.55
Russia,2001,2121829.15
Russia,2002,2222484.114
Russia,2003,2384633.319
Russia,2004,2555753.397
Russia,2005,2718713.013
Russia,2006,2940381.426
Russia,2007,3191345.338
Russia,2008,3358825.662
Russia,2009,3096135.77
Russia,2010,3235577.231
Russia,2011,3373547.954
Russia,2012,3509302.427
Russia,2013,3570905.501
Russia,2014,3597196.91
Russia,2015,3526234.314
Russia,2016,3533063.61
Russia,2017,3597570.613
Russia,2018,3698563.251
Russia,2019,3773754.402
Russia,2020,3662380.6019
Slovenia,1990,41182.526
Slovenia,1991,37517.237
Slovenia,1992,35467.408
Slovenia,1993,36475.895
Slovenia,1994,38419.143
Slovenia,1995,39997.079
Slovenia,1996,41278.186
Slovenia,1997,43362.65
Slovenia,1998,44784.671
Slovenia,1999,47172.888
Slovenia,2000,48905.251
Slovenia,2001,50478.318
Slovenia,2002,52247.886
Slovenia,2003,53794.559
Slovenia,2004,56139.568
Slovenia,2005,58271.732
Slovenia,2006,61620.257
Slovenia,2007,65921.451
Slovenia,2008,68235.189
Slovenia,2009,63084.498
Slovenia,2010,63932.195
Slovenia,2011,64482.861
Slovenia,2012,62780.876
Slovenia,2013,62134.682
Slovenia,2014,63854.669
Slovenia,2015,65265.909
Slovenia,2016,67349.101
Slovenia,2017,70592.216
Slovenia,2018,73736.651
Slovenia,2019,76281.363
Slovenia,2020,72984.962
Slovenia,2021,78977.803
Slovenia,2022,83222.507
South Africa,1970,250450.446
South Africa,1971,261167.097
South Africa,1972,265488.917
South Africa,1973,277626.987
South Africa,1974,294593.025
South Africa,1975,299587.671
South Africa,1976,306328.005
South Africa,1977,306040.091
South Africa,1978,315265.643
South Africa,1979,327215.802
South Africa,1980,348879.457
South Africa,1981,367582.094
South Africa,1982,366172.794
South Africa,1983,359411.252
South Africa,1984,377738.065
South Africa,1985,373161.657
South Africa,1986,373228.334
South Africa,1987,381068.847
South Africa,1988,397074.119
South Africa,1989,406583.189
South Africa,1990,405291.25
South Africa,1991,401164.32
South Africa,1992,392591.307
South Africa,1993,397434.124
South Africa,1994,410152.016
South Africa,1995,422866.728
South Africa,1996,441049.997
South Africa,1997,452517.297
South Africa,1998,454779.884
South Africa,1999,465694.601
South Africa,2000,485253.774
South Africa,2001,498355.626
South Africa,2002,516796.65
South Africa,2003,532037.373
South Africa,2004,556269.334
South Africa,2005,585623.956
South Africa,2006,618441.189
South Africa,2007,651592.569
South Africa,2008,672385.173
South Africa,2009,662043.29
South Africa,2010,682167.677
South Africa,2011,703782.53
South Africa,2012,720646.762
South Africa,2013,738558.154
South Africa,2014,749000.074
South Africa,2015,758900.96
South Africa,2016,763944.277
South Africa,2017,772790.158
South Africa,2018,784554.669
South Africa,2019,786935.425
South Africa,2020,737024.273
South Africa,2021,773234.988
South Africa,2022,789026.761
"BRIICS economies - Brazil, Russia, India, Indonesia, China and South Africa",1997,11083446.369
"BRIICS economies - Brazil, Russia, India, Indonesia, China and South Africa",1998,11222492.403
"BRIICS economies - Brazil, Russia, India, Indonesia, China and South Africa",1999,11804569.719
"BRIICS economies - Brazil, Russia, India, Indonesia, China and South Africa",2000,12630660.701
"BRIICS economies - Brazil, Russia, India, Indonesia, China and South Africa",2001,13285874.935
"BRIICS economies - Brazil, Russia, India, Indonesia, China and South Africa",2002,14081033.053
"BRIICS economies - Brazil, Russia, India, Indonesia, China and South Africa",2003,15057803.821
"BRIICS economies - Brazil, Russia, India, Indonesia, China and South Africa",2004,16256214.207
"BRIICS economies - Brazil, Russia, India, Indonesia, China and South Africa",2005,17614523.509
"BRIICS economies - Brazil, Russia, India, Indonesia, China and South Africa",2006,19266076.928
"BRIICS economies - Brazil, Russia, India, Indonesia, China and South Africa",2007,21310548.701
"BRIICS economies - Brazil, Russia, India, Indonesia, China and South Africa",2008,22866175.536
"BRIICS economies - Brazil, Russia, India, Indonesia, China and South Africa",2009,23836821.279
"BRIICS economies - Brazil, Russia, India, Indonesia, China and South Africa",2010,25985009.883
"BRIICS economies - Brazil, Russia, India, Indonesia, China and South Africa",2011,27940273.659
"BRIICS economies - Brazil, Russia, India, Indonesia, China and South Africa",2012,29594208.081
"BRIICS economies - Brazil, Russia, India, Indonesia, China and South Africa",2013,31355893.033
"BRIICS economies - Brazil, Russia, India, Indonesia, China and South Africa",2014,33099581.422
"BRIICS economies - Brazil, Russia, India, Indonesia, China and South Africa",2015,34705989.262
"BRIICS economies - Brazil, Russia, India, Indonesia, China and South Africa",2016,36597913.894
"BRIICS economies - Brazil, Russia, India, Indonesia, China and South Africa",2017,38634707.765
"BRIICS economies - Brazil, Russia, India, Indonesia, China and South Africa",2018,40909892.914
"BRIICS economies - Brazil, Russia, India, Indonesia, China and South Africa",2019,42901562.05
"BRIICS economies - Brazil, Russia, India, Indonesia, China and South Africa",2020,42511079.036
OECD - Total,1995,34874487.28
OECD - Total,1996,35982955.32
OECD - Total,1997,37304460.362
OECD - Total,1998,38394509.033
OECD - Total,1999,39625716.856
OECD - Total,2000,41248555.089
OECD - Total,2001,41811148.648
OECD - Total,2002,42473548.307
OECD - Total,2003,43364007.388
OECD - Total,2004,44815789.385
OECD - Total,2005,46108543.485
OECD - Total,2006,47578161.272
OECD - Total,2007,48876491.166
OECD - Total,2008,49088002.155
OECD - Total,2009,47401218.631
OECD - Total,2010,48878958.115
OECD - Total,2011,49909623.494
OECD - Total,2012,50588352.441
OECD - Total,2013,51393599.176
OECD - Total,2014,52494021.48
OECD - Total,2015,53835508.403
OECD - Total,2016,54845943.932
OECD - Total,2017,56297702.241
OECD - Total,2018,57633913.876
OECD - Total,2019,58583158.153
OECD - Total,2020,56126707.031
OECD - Total,2021,59302289.209
OECD - Total,2022,61036685.943
G7,1970,12068528.893
G7,1971,12498264.203
G7,1972,13162622.538
G7,1973,13976232.365
G7,1974,14038772.53
G7,1975,14028508.695
G7,1976,14729029.611
G7,1977,15306716.073
G7,1978,16019321.364
G7,1979,16657601.82
G7,1980,16802240.926
G7,1981,17147844.632
G7,1982,17144155.163
G7,1983,17717357.11
G7,1984,18594238.868
G7,1985,19301440.008
G7,1986,19894825.509
G7,1987,20589047.81
G7,1988,21560661.854
G7,1989,22381268.939
G7,1990,22991455.002
G7,1991,23275129.988
G7,1992,23774199.859
G7,1993,24042629.076
G7,1994,24771670.155
G7,1995,25390875.392
G7,1996,26078659.902
G7,1997,26903774.827
G7,1998,27662021.804
G7,1999,28534774.409
G7,2000,29604592.957
G7,2001,29966594.896
G7,2002,30305759.848
G7,2003,30865079.448
G7,2004,31761170.135
G7,2005,32563992.906
G7,2006,33386356.862
G7,2007,34077731.616
G7,2008,34063547.548
G7,2009,32784335.006
G7,2010,33745301.229
G7,2011,34285787.636
G7,2012,34750163.531
G7,2013,35235790.953
G7,2014,35883775.199
G7,2015,36623088.347
G7,2016,37187389.164
G7,2017,38015740.203
G7,2018,38816860.834
G7,2019,39429466.46
G7,2020,37639108.063
G7,2021,39623718.74
G7,2022,40508147.947
Colombia,1975,140951.469
Colombia,1976,147496.831
Colombia,1977,153678.562
Colombia,1978,166752.196
Colombia,1979,175808.456
Colombia,1980,183115.271
Colombia,1981,187639.495
Colombia,1982,189754.758
Colombia,1983,193001.642
Colombia,1984,198820.504
Colombia,1985,204828.691
Colombia,1986,216645.877
Colombia,1987,228787.177
Colombia,1988,239117.581
Colombia,1989,247608.133
Colombia,1990,258461.951
Colombia,1991,265671.027
Colombia,1992,277157.618
Colombia,1993,293029.852
Colombia,1994,309462.415
Colombia,1995,325942.652
Colombia,1996,331118.79
Colombia,1997,341696.436
Colombia,1998,343761.159
Colombia,1999,325916.548
Colombia,2000,334289.988
Colombia,2001,339899.133
Colombia,2002,348409.743
Colombia,2003,362062.204
Colombia,2004,381370.771
Colombia,2005,399320.211
Colombia,2006,426142.025
Colombia,2007,454856.304
Colombia,2008,469791.266
Colombia,2009,475145.236
Colombia,2010,496501.394
Colombia,2011,530997.775
Colombia,2012,551773.783
Colombia,2013,580101.814
Colombia,2014,606200.768
Colombia,2015,624119.465
Colombia,2016,637147.226
Colombia,2017,645808.356
Colombia,2018,662368.976
Colombia,2019,683477.718
Colombia,2020,633909.869
Colombia,2021,703742.606
Colombia,2022,756493.596
Latvia,1994,20166.5333
Latvia,1995,22371.303
Latvia,1996,22950.276
Latvia,1997,24978.372
Latvia,1998,26560.986
Latvia,1999,27293.053
Latvia,2000,28842.136
Latvia,2001,30665.971
Latvia,2002,32839.614
Latvia,2003,35605.65
Latvia,2004,38555.274
Latvia,2005,42688.54
Latvia,2006,47799.142
Latvia,2007,52551.295
Latvia,2008,50843.84
Latvia,2009,43593.438
Latvia,2010,41651.103
Latvia,2011,42723.082
Latvia,2012,45731.747
Latvia,2013,46650.026
Latvia,2014,47537.39
Latvia,2015,49384.341
Latvia,2016,50554.066
Latvia,2017,52228.657
Latvia,2018,54313.549
Latvia,2019,55709.246
Latvia,2020,54481.98
Latvia,2021,56696.136
Latvia,2022,57816.557
Lithuania,1995,36211.593
Lithuania,1996,38079.555
Lithuania,1997,41244.317
Lithuania,1998,44327.644
Lithuania,1999,43821.612
Lithuania,2000,45441.051
Lithuania,2001,48406.582
Lithuania,2002,51674.713
Lithuania,2003,57134.639
Lithuania,2004,60888.095
Lithuania,2005,65596.186
Lithuania,2006,70459.566
Lithuania,2007,78285.849
Lithuania,2008,80332.573
Lithuania,2009,68412.335
Lithuania,2010,69541.988
Lithuania,2011,73741.635
Lithuania,2012,76576.164
Lithuania,2013,79294.672
Lithuania,2014,82099.334
Lithuania,2015,83761.504
Lithuania,2016,85871.311
Lithuania,2017,89548.834
Lithuania,2018,93124.797
Lithuania,2019,97431.914
Lithuania,2020,97410.408
Lithuania,2021,103236.376
Lithuania,2022,105185.267
Euro area (19 countries),1995,10389465.901
Euro area (19 countries),1996,10557338.299
Euro area (19 countries),1997,10834600.76
Euro area (19 countries),1998,11158185.747
Euro area (19 countries),1999,11485141.029
Euro area (19 countries),2000,11923771.716
Euro area (19 countries),2001,12182543.685
Euro area (19 countries),2002,12293031.707
Euro area (19 countries),2003,12372458.353
Euro area (19 countries),2004,12654232.641
Euro area (19 countries),2005,12864611.007
Euro area (19 countries),2006,13278815.532
Euro area (19 countries),2007,13675457.206
Euro area (19 countries),2008,13731971.315
Euro area (19 countries),2009,13114737.9
Euro area (19 countries),2010,13395128.004
Euro area (19 countries),2011,13620763.931
Euro area (19 countries),2012,13501735.357
Euro area (19 countries),2013,13470348.084
Euro area (19 countries),2014,13657565.11
Euro area (19 countries),2015,13933564.76
Euro area (19 countries),2016,14193289.841
Euro area (19 countries),2017,14564766.067
Euro area (19 countries),2018,14824291.586
Euro area (19 countries),2019,15058986.388
Euro area (19 countries),2020,14141615.268
Euro area (19 countries),2021,14897048.712
Euro area (19 countries),2022,15411534.007
Costa Rica,1991,29106.417
Costa Rica,1992,31784.528
Costa Rica,1993,34040.337
Costa Rica,1994,35578.629
Costa Rica,1995,37056.549
Costa Rica,1996,37556.983
Costa Rica,1997,39613.665
Costa Rica,1998,42448.145
Costa Rica,1999,44237.254
Costa Rica,2000,45948.669
Costa Rica,2001,47552.815
Costa Rica,2002,49177.636
Costa Rica,2003,51300.723
Costa Rica,2004,53570.575
Costa Rica,2005,55700.898
Costa Rica,2006,59781.933
Costa Rica,2007,64693.098
Costa Rica,2008,67758.37
Costa Rica,2009,67166.53
Costa Rica,2010,70766.887
Costa Rica,2011,73882.866
Costa Rica,2012,77490.265
Costa Rica,2013,79423.466
Costa Rica,2014,82236.732
Costa Rica,2015,85240.084
Costa Rica,2016,88823.853
Costa Rica,2017,92516.881
Costa Rica,2018,94937.034
Costa Rica,2019,97232.148
Costa Rica,2020,93077.074
Costa Rica,2021,100319.213
Costa Rica,2022,104637.971
European Union – 27 countries (from 01/02/2020),1995,12320847.865
European Union – 27 countries (from 01/02/2020),1996,12537941.86
European Union – 27 countries (from 01/02/2020),1997,12871317.648
European Union – 27 countries (from 01/02/2020),1998,13257957.317
European Union – 27 countries (from 01/02/2020),1999,13649060.887
European Union – 27 countries (from 01/02/2020),2000,14176511.364
European Union – 27 countries (from 01/02/2020),2001,14478954.942
European Union – 27 countries (from 01/02/2020),2002,14631551.417
European Union – 27 countries (from 01/02/2020),2003,14757472.821
European Union – 27 countries (from 01/02/2020),2004,15130469.462
European Union – 27 countries (from 01/02/2020),2005,15414530.316
European Union – 27 countries (from 01/02/2020),2006,15948034.27
European Union – 27 countries (from 01/02/2020),2007,16447558.457
European Union – 27 countries (from 01/02/2020),2008,16552747.886
European Union – 27 countries (from 01/02/2020),2009,15840760.329
European Union – 27 countries (from 01/02/2020),2010,16185463.376
European Union – 27 countries (from 01/02/2020),2011,16487812.745
European Union – 27 countries (from 01/02/2020),2012,16368004.555
European Union – 27 countries (from 01/02/2020),2013,16353082.394
European Union – 27 countries (from 01/02/2020),2014,16612902.845
European Union – 27 countries (from 01/02/2020),2015,16992246.856
European Union – 27 countries (from 01/02/2020),2016,17328206.929
European Union – 27 countries (from 01/02/2020),2017,17819439.583
European Union – 27 countries (from 01/02/2020),2018,18187455.793
European Union – 27 countries (from 01/02/2020),2019,18516350.93
European Union – 27 countries (from 01/02/2020),2020,17470274.314
European Union – 27 countries (from 01/02/2020),2021,18419204.49
European Union – 27 countries (from 01/02/2020),2022,19068819.098
